Data Split,Training Accuracy,Test Accuracy,Precision,Recall,F1
Full,0.774708827989835,0.6756657234528559,0.5530831956020935,0.6678542237570315,0.6050287407627477
1960s,0.9251648056291424,0.6773594819987796,0.6836316719684563,0.684961038961039,0.6838837608656462
1970s,0.9116255468288245,0.658678418585694,0.5236811228424543,0.5620644406500981,0.5417561581002602
1980s,0.8721653589534639,0.6443735301349911,0.45012915205114307,0.6005545816733068,0.514289323684691
1990s,0.9000259083290828,0.6927116206007977,0.45475824497802375,0.6104057807277691,0.5209485069337018
2000s,0.8750034975220295,0.6947941661459004,0.5012937090881348,0.6510204081632653,0.5661496204794347
2010s,0.9012984071570779,0.715180678659464,0.6930391531533949,0.6656964539007092,0.6788029970218299
2020s,0.9251362683438156,0.7380510189333719,0.8199228773876438,0.7656603773584905,0.7917649748482962
