Data Split,Training Accuracy,Test Accuracy,Precision,Recall,F1
Full,0.696528309433703,0.6655513297384699,0.5536657738223921,0.5225638688771229,0.5376140176039238
1960s,0.7025622728691951,0.6511170248830428,0.6556785325582245,0.6683863636363635,0.6614203633695354
1970s,0.7218635960621834,0.662527206032199,0.5336040036223949,0.494828622019857,0.5130723131037771
1980s,0.7269161095574193,0.6741131945801782,0.47633003382349876,0.3934215139442231,0.4305111887074687
1990s,0.76564924413973,0.7274600232976808,0.503490614775239,0.41253000988560934,0.4529151415992983
2000s,0.7657629464585342,0.7146831435518008,0.534261692142974,0.5332361516034986,0.5334838889530228
2010s,0.7030381348011441,0.6650953071915993,0.6242067644981045,0.6558354609929078,0.6393891823276442
2020s,0.7810272536687631,0.7061280531868767,0.7828368255567757,0.7592452830188678,0.7703440177864058
