Data Split,Training Accuracy,Test Accuracy,Precision,Recall,F1
Full,0.7916407383662947,0.7013763880593922,0.5962339900940266,0.611394694367635,0.6036758042772121
1960s,0.7780622825257751,0.6724032137772052,0.6791495415729714,0.6798311688311688,0.6789875830928322
1970s,0.8360298773298579,0.6693849602608519,0.5397339743846709,0.5485375956491494,0.5437197376079034
1980s,0.8528914611941408,0.6825216105622214,0.49532791071057103,0.498194422310757,0.4963611755142999
1990s,0.8701715755085189,0.7297145151611422,0.5060975706698521,0.5304994586452008,0.5178763045544701
2000s,0.8551214935787085,0.728686269739426,0.5534666945384723,0.59067055393586,0.5711927113453991
2010s,0.8202869687697232,0.7111950257279884,0.6778857178062793,0.6912836879432624,0.6841925627458012
2020s,0.8724528301886793,0.7407501083971673,0.8307251267347008,0.7550943396226415,0.7909008926528704
