Data Split,Training Accuracy,Test Accuracy,Precision,Recall,F1
Full,0.7030174292365075,0.6682169506136966,0.5553220970383824,0.543958289417668,0.549540142490823
1960s,0.7189876524532541,0.6639407756458064,0.6674042293281934,0.6814935064935065,0.6739013893349088
1970s,0.7367699046181881,0.6760880374974526,0.5521747643310009,0.5151299563650161,0.5327950073513373
1980s,0.7369240129767515,0.6744888179920935,0.4782918252258506,0.41860876494023913,0.44585486728473417
1990s,0.7712752011421886,0.723608581312436,0.4952294216870369,0.4475074142070329,0.4699363630890982
2000s,0.7728519006662153,0.7198556642671667,0.5443416000120581,0.5177842565597668,0.530606950242998
2010s,0.7178242950415766,0.6764415540520854,0.6399570272368007,0.6531652482269503,0.6462439103337912
2020s,0.7890985324947589,0.7075968348027171,0.7770908255157775,0.7720754716981132,0.7742858637174438
