Data Split,Training Accuracy,Test Accuracy,Precision,Recall,F1
Full,0.8061743942199948,0.7153851789979631,0.6314544358275592,0.5663207920526079,0.5964544289226509
1960s,0.8317822787275203,0.6735634619296224,0.6755785613431882,0.6952272727272728,0.6850454945595288
1970s,0.8651133189361249,0.6656700631750561,0.5370137618844761,0.5219044457092264,0.5282862112647472
1980s,0.8951682045642567,0.6849042893261792,0.497761425796836,0.43024701195219117,0.460143665603381
1990s,0.9107031252032961,0.7361910939320132,0.5227589860222427,0.46022807513063124,0.488239708931005
2000s,0.900054231469535,0.73216403421315,0.5688285812723748,0.5192419825072887,0.5423920046938694
2010s,0.8291672604525626,0.7058861150446087,0.6768033644449793,0.6728936170212767,0.6742371776293532
2020s,0.919496855345912,0.7466342679577974,0.8214806904231076,0.7807547169811322,0.8000031619910967
